index_date,luse_index
2018-01-01,5327.58
2018-01-02,5327.58
2018-01-03,5343.61
2018-01-04,5331.58
2018-01-05,5331.58
2018-01-06,5331.58
2018-01-07,5331.58
2018-01-08,5331.58
2018-01-09,5291.69
2018-01-10,5273.64
2018-01-11,5265.95
2018-01-12,5312.83
2018-01-13,5312.83
2018-01-14,5312.83
2018-01-15,5297.21
2018-01-16,5316.74
2018-01-17,5316.74
2018-01-18,5316.74
2018-01-19,5309.36
2018-01-20,5309.36
2018-01-21,5309.36
2018-01-22,5313.43
2018-01-23,5313.43
2018-01-24,5313.87
2018-01-25,5329.99
2018-01-26,5582.63
2018-01-27,5582.63
2018-01-28,5582.63
2018-01-29,5329.99
2018-01-30,5320.16
2018-01-31,5326.77
2018-02-01,5310.74
2018-02-02,5339.99
2018-02-03,5339.99
2018-02-04,5339.99
2018-02-05,5480.65
2018-02-06,5543.15
2018-02-07,5590.05
2018-02-08,5590.03
2018-02-09,5590.03
2018-02-10,5590.03
2018-02-11,5590.03
2018-02-12,5582.63
2018-02-13,5574.61
2018-02-14,5562.59
2018-02-15,5570.61
2018-02-16,5570.61
2018-02-17,5570.61
2018-02-18,5570.61
2018-02-19,5582.63
2018-02-20,5582.63
2018-02-21,5582.63
2018-02-22,5582.63
2018-02-23,5582.63
2018-02-24,5582.63
2018-02-25,5582.63
2018-02-26,5582.63
2018-02-27,5586.64
2018-02-28,5586.64
2018-03-01,5586.64
2018-03-02,5586.64
2018-03-03,5586.64
2018-03-04,5586.64
2018-03-05,5586.64
2018-03-06,5586.64
2018-03-07,5586.64
2018-03-08,5586.64
2018-03-09,5586.64
2018-03-10,5586.64
2018-03-11,5586.64
2018-03-12,5586.64
2018-03-13,5586.64
2018-03-14,5586.64
2018-03-15,5586.64
2018-03-16,5586.64
2018-03-17,5586.64
2018-03-18,5586.64
2018-03-19,5586.64
2018-03-20,5586.64
2018-03-21,5590.11
2018-03-22,5607.74
2018-03-23,5607.74
2018-03-24,5607.74
2018-03-25,5607.74
2018-03-26,5607.74
2018-03-27,5590.49
2018-03-28,5594.5
2018-03-29,5548.02
2018-03-30,5548.02
2018-03-31,5548.02
2018-04-01,5548.02
2018-04-02,5548.02
2018-04-03,5548.02
2018-04-04,5586.95
2018-04-05,5587.09
2018-04-06,5587.09
2018-04-07,5587.09
2018-04-08,5587.09
2018-04-09,5587.09
2018-04-10,5543.43
2018-04-11,5566.87
2018-04-12,5566.87
2018-04-13,5566.87
2018-04-14,5566.87
2018-04-15,5566.87
2018-04-16,5573.48
2018-04-17,5573.48
2018-04-18,5573.48
2018-04-19,5571.34
2018-04-20,5571.34
2018-04-21,5571.34
2018-04-22,5571.34
2018-04-23,5572.94
2018-04-24,5572.94
2018-04-25,5572.94
2018-04-26,5581.19
2018-04-27,5582.09
2018-04-28,5582.09
2018-04-29,5582.09
2018-04-30,5582.09
2018-05-01,5582.09
2018-05-02,5573.64
2018-05-03,5573.64
2018-05-04,5570.17
2018-05-05,5570.17
2018-05-06,5570.17
2018-05-07,5573.64
2018-05-08,5570.17
2018-05-09,5567.23
2018-05-10,5559.32
2018-05-11,5556.86
2018-05-12,5556.86
2018-05-13,5556.86
2018-05-14,5556.86
2018-05-15,5556.86
2018-05-16,5557.62
2018-05-17,5557.62
2018-05-18,5557.62
2018-05-19,5557.62
2018-05-20,5557.62
2018-05-21,5558.81
2018-05-22,5558.81
2018-05-23,5556.28
2018-05-24,5564.56
2018-05-25,5564.56
2018-05-26,5564.56
2018-05-27,5564.56
2018-05-28,5564.56
2018-05-29,5560.65
2018-05-30,5549.25
2018-05-31,5549.25
2018-06-01,5548.71
2018-06-02,5548.71
2018-06-03,5548.71
2018-06-04,5550.11
2018-06-05,5538.09
2018-06-06,5530.71
2018-06-07,5530.71
2018-06-08,5521.0
2018-06-09,5521.0
2018-06-10,5521.0
2018-06-11,5516.95
2018-06-12,5516.95
2018-06-13,5509.14
2018-06-14,5509.14
2018-06-15,5505.23
2018-06-16,5511.47
2018-06-17,5490.89
2018-06-18,5483.51
2018-06-19,5465.78
2018-06-20,5465.78
2018-06-21,5465.78
2018-06-22,5465.78
2018-06-23,5462.31
2018-06-24,5464.71
2018-06-25,5464.71
2018-06-26,5455.83
2018-06-27,5455.83
2018-06-28,5455.83
2018-06-29,5455.83
2018-06-30,5455.83
2018-07-01,5455.83
2018-07-02,5455.83
2018-07-03,5455.83
2018-07-04,5462.77
2018-07-05,5455.83
2018-07-06,5455.83
2018-07-07,5455.83
2018-07-08,5455.83
2018-07-09,5455.83
2018-07-10,5455.83
2018-07-11,5455.39
2018-07-12,5451.38
2018-07-13,5451.38
2018-07-14,5451.38
2018-07-15,5451.38
2018-07-16,5447.91
2018-07-17,5447.91
2018-07-18,5447.91
2018-07-19,5533.65
2018-07-20,5529.64
2018-07-21,5529.64
2018-07-22,5529.64
2018-07-23,5529.64
2018-07-24,5486.66
2018-07-25,5471.16
2018-07-26,5471.16
2018-07-27,5471.16
2018-07-28,5471.16
2018-07-29,5471.16
2018-07-30,5467.25
2018-07-31,5451.62
2018-08-01,5451.62
2018-08-02,5448.15
2018-08-03,5448.15
2018-08-04,5448.15
2018-08-05,5448.15
2018-08-06,5448.15
2018-08-07,5445.26
2018-08-08,5445.26
2018-08-09,5409.15
2018-08-10,5373.99
2018-08-11,5373.99
2018-08-12,5373.99
2018-08-13,5373.99
2018-08-14,5333.78
2018-08-15,5333.78
2018-08-16,5318.69
2018-08-17,5271.27
2018-08-18,5271.27
2018-08-19,5271.27
2018-08-20,5240.01
2018-08-21,5236.54
2018-08-22,5248.67
2018-08-23,5244.66
2018-08-24,5264.2
2018-08-25,5264.2
2018-08-26,5264.2
2018-08-27,5244.66
2018-08-28,5295.45
2018-08-29,5275.91
2018-08-30,5258.12
2018-08-31,5230.77
2018-09-01,5230.77
2018-09-02,5230.77
2018-09-03,5230.77
2018-09-04,5234.32
2018-09-05,5261.67
2018-09-06,5242.13
2018-09-07,5234.32
2018-09-08,5234.32
2018-09-09,5234.32
2018-09-10,5230.41
2018-09-11,5222.71
2018-09-12,5222.71
2018-09-13,5243.56
2018-09-14,5276.17
2018-09-15,5276.17
2018-09-16,5276.17
2018-09-17,5256.63
2018-09-18,5233.68
2018-09-19,5257.54
2018-09-20,5262.16
2018-09-21,5262.16
2018-09-22,5262.16
2018-09-23,5262.16
2018-09-24,5262.16
2018-09-25,5262.16
2018-09-26,5272.57
2018-09-27,5468.17
2018-09-28,5468.17
2018-09-29,5468.17
2018-09-30,5468.17
2018-10-01,5468.17
2018-10-02,5457.76
2018-10-03,5457.76
2018-10-04,5445.74
2018-10-05,5445.74
2018-10-06,5445.74
2018-10-07,5445.74
2018-10-08,5316.65
2018-10-09,5284.07
2018-10-10,5293.21
2018-10-11,5272.63
2018-10-12,5264.61
2018-10-13,5264.61
2018-10-14,5264.61
2018-10-15,5244.59
2018-10-16,5246.7
2018-10-17,5250.61
2018-10-18,5250.61
2018-10-19,5250.61
2018-10-20,5250.61
2018-10-21,5250.61
2018-10-22,5312.36
2018-10-23,5241.94
2018-10-24,5241.94
2018-10-25,5241.94
2018-10-26,5218.63
2018-10-27,5218.63
2018-10-28,5218.63
2018-10-29,5222.44
2018-10-30,5225.12
2018-10-31,5229.03
2018-11-01,5225.12
2018-11-02,5240.75
2018-11-03,5240.75
2018-11-04,5240.75
2018-11-05,5240.75
2018-11-06,5253.02
2018-11-07,5277.07
2018-11-08,5291.84
2018-11-09,5291.33
2018-11-10,5291.33
2018-11-11,5291.33
2018-11-12,5311.88
2018-11-13,5300.14
2018-11-14,5292.91
2018-11-15,5296.92
2018-11-16,5284.65
2018-11-17,5284.65
2018-11-18,5284.65
2018-11-19,5280.74
2018-11-20,5280.74
2018-11-21,5280.62
2018-11-22,5282.24
2018-11-23,5282.24
2018-11-24,5282.24
2018-11-25,5282.24
2018-11-26,5278.33
2018-11-27,5278.33
2018-11-28,5278.33
2018-11-29,5278.33
2018-11-30,5278.33
2018-12-01,5343.25
2018-12-02,5343.25
2018-12-03,5343.25
2018-12-04,5343.25
2018-12-05,5343.25
2018-12-06,5343.25
2018-12-07,5343.25
2018-12-08,5343.25
2018-12-09,5343.25
2018-12-10,5343.25
2018-12-11,5343.25
2018-12-12,5343.61
2018-12-13,5343.61
2018-12-14,5343.61
2018-12-15,5311.54
2018-12-16,5311.54
2018-12-17,5311.54
2018-12-18,5311.54
2018-12-19,5315.45
2018-12-20,5311.54
2018-12-21,5311.54
2018-12-22,5311.54
2018-12-23,5311.54
2018-12-24,5311.54
2018-12-25,5311.54
2018-12-26,5311.54
2018-12-27,5311.54
2018-12-28,5311.54
2018-12-29,5327.58
2018-12-30,5327.58
2018-12-31,5327.58
2019-01-01,5248.39
2019-01-02,5248.39
2019-01-03,5244.38
2019-01-04,5138.65
2019-01-05,5138.65
2019-01-06,5138.65
2019-01-07,5103.49
2019-01-08,5103.49
2019-01-09,5103.49
2019-01-10,5099.58
2019-01-11,5085.69
2019-01-12,5085.69
2019-01-13,5085.69
2019-01-14,5085.69
2019-01-15,5085.69
2019-01-16,5327.07
2019-01-17,5598.53
2019-01-18,5593.14
2019-01-19,5593.14
2019-01-20,5593.14
2019-01-21,5575.83
2019-01-22,5575.58
2019-01-23,5680.6
2019-01-24,5680.6
2019-01-25,5670.1
2019-01-26,5670.1
2019-01-27,5670.1
2019-01-28,5677.98
2019-01-29,5677.98
2019-01-30,5677.98
2019-01-31,5677.98
2019-02-01,5691.1
2019-02-02,5691.1
2019-02-03,5691.1
2019-02-04,5677.21
2019-02-05,5679.84
2019-02-06,5679.84
2019-02-07,5679.84
2019-02-08,5769.7
2019-02-09,5769.7
2019-02-10,5769.7
2019-02-11,5769.7
2019-02-12,5764.02
2019-02-13,5768.03
2019-02-14,5768.03
2019-02-15,5768.03
2019-02-16,5768.03
2019-02-17,5768.03
2019-02-18,5766.35
2019-02-19,5766.35
2019-02-20,5788.43
2019-02-21,5779.05
2019-02-22,5779.05
2019-02-23,5779.05
2019-02-24,5779.05
2019-02-25,5790.77
2019-02-26,5939.24
2019-02-27,5939.24
2019-02-28,5895.35
2019-03-01,5793.56
2019-03-02,5793.56
2019-03-03,5793.56
2019-03-04,5781.44
2019-03-05,5773.39
2019-03-06,5781.61
2019-03-07,5781.61
2019-03-08,5781.61
2019-03-09,5781.61
2019-03-10,5781.61
2019-03-11,5781.61
2019-03-12,5781.61
2019-03-13,5769.69
2019-03-14,5750.15
2019-03-15,5610.99
2019-03-16,5610.99
2019-03-17,5610.99
2019-03-18,5610.75
2019-03-19,5626.68
2019-03-20,5595.42
2019-03-21,5566.56
2019-03-22,5566.56
2019-03-23,5566.56
2019-03-24,5566.56
2019-03-25,5619.47
2019-03-26,5611.66
2019-03-27,5699.94
2019-03-28,5699.94
2019-03-29,5699.94
2019-03-30,5699.94
2019-03-31,5699.94
2019-04-01,5699.46
2019-04-02,5537.45
2019-04-03,5515.17
2019-04-04,5509.89
2019-04-05,5498.07
2019-04-06,5498.07
2019-04-07,5498.07
2019-04-08,5498.07
2019-04-09,5498.07
2019-04-10,5497.93
2019-04-11,5497.93
2019-04-12,5497.93
2019-04-13,5497.93
2019-04-14,5497.93
2019-04-15,5497.93
2019-04-16,5497.93
2019-04-17,5497.93
2019-04-18,5491.65
2019-04-19,5491.65
2019-04-20,5491.65
2019-04-21,5491.65
2019-04-22,5491.65
2019-04-23,5522.91
2019-04-24,5491.6
2019-04-25,5482.73
2019-04-26,5469.1
2019-04-27,5469.1
2019-04-28,5469.1
2019-04-29,5462.15
2019-04-30,5458.24
2019-05-01,5457.64
2019-05-02,5457.64
2019-05-03,5441.72
2019-05-04,5441.72
2019-05-05,5441.72
2019-05-06,5442.68
2019-05-07,5442.68
2019-05-08,5442.68
2019-05-09,5413.03
2019-05-10,5413.03
2019-05-11,5413.03
2019-05-12,5413.03
2019-05-13,5420.84
2019-05-14,5577.06
2019-05-15,5745.02
2019-05-16,5748.93
2019-05-17,5740.17
2019-05-18,5740.17
2019-05-19,5740.17
2019-05-20,5740.17
2019-05-21,5736.7
2019-05-22,5735.98
2019-05-23,5735.98
2019-05-24,5739.45
2019-05-25,5739.45
2019-05-26,5739.45
2019-05-27,5739.45
2019-05-28,5725.32
2019-05-29,5724.77
2019-05-30,5477.49
2019-05-31,5482.98
2019-06-01,5482.98
2019-06-02,5482.98
2019-06-03,5482.98
2019-06-04,4996.45
2019-06-05,4996.35
2019-06-06,4995.97
2019-06-07,4995.97
2019-06-08,4995.97
2019-06-09,4995.97
2019-06-10,4995.97
2019-06-11,4995.97
2019-06-12,4994.66
2019-06-13,5002.27
2019-06-14,5002.27
2019-06-15,5002.27
2019-06-16,5002.27
2019-06-17,4649.14
2019-06-18,4649.14
2019-06-19,4637.52
2019-06-20,4632.03
2019-06-21,4632.03
2019-06-22,4632.03
2019-06-23,4632.03
2019-06-24,4563.04
2019-06-25,4564.78
2019-06-26,4564.78
2019-06-27,4564.78
2019-06-28,4564.78
2019-06-29,4564.78
2019-06-30,4564.78
2019-07-01,4580.41
2019-07-02,4580.41
2019-07-03,4580.41
2019-07-04,4530.54
2019-07-05,4530.54
2019-07-06,4530.54
2019-07-07,4530.54
2019-07-08,4530.54
2019-07-09,4585.24
2019-07-10,4581.33
2019-07-11,4581.33
2019-07-12,4585.24
2019-07-13,4585.24
2019-07-14,4585.24
2019-07-15,4581.33
2019-07-16,4581.33
2019-07-17,4585.24
2019-07-18,4568.12
2019-07-19,4568.12
2019-07-20,4568.12
2019-07-21,4568.12
2019-07-22,4568.12
2019-07-23,4568.12
2019-07-24,4568.12
2019-07-25,4563.3
2019-07-26,4563.3
2019-07-27,4563.3
2019-07-28,4563.3
2019-07-29,4551.58
2019-07-30,4563.3
2019-07-31,4567.21
2019-08-01,4567.21
2019-08-02,4567.21
2019-08-03,4567.21
2019-08-04,4567.21
2019-08-05,4567.21
2019-08-06,4567.21
2019-08-07,4567.21
2019-08-08,4507.09
2019-08-09,4503.18
2019-08-10,4503.18
2019-08-11,4503.18
2019-08-12,4503.18
2019-08-13,4503.18
2019-08-14,4503.18
2019-08-15,4503.18
2019-08-16,4503.18
2019-08-17,4503.18
2019-08-18,4503.18
2019-08-19,4465.6
2019-08-20,4465.7
2019-08-21,4461.79
2019-08-22,4461.79
2019-08-23,4457.88
2019-08-24,4457.88
2019-08-25,4457.88
2019-08-26,4431.57
2019-08-27,4455.62
2019-08-28,4455.62
2019-08-29,4427.56
2019-08-30,4427.56
2019-08-31,4427.56
2019-09-01,4427.56
2019-09-02,4427.56
2019-09-03,4427.56
2019-09-04,4427.56
2019-09-05,4427.56
2019-09-06,4426.25
2019-09-07,4426.25
2019-09-08,4426.25
2019-09-09,4431.46
2019-09-10,4427.55
2019-09-11,4423.64
2019-09-12,4404.13
2019-09-13,4406.72
2019-09-14,4406.72
2019-09-15,4406.72
2019-09-16,4406.72
2019-09-17,4406.72
2019-09-18,4398.81
2019-09-19,4371.04
2019-09-20,4371.04
2019-09-21,4371.04
2019-09-22,4371.04
2019-09-23,4371.04
2019-09-24,4371.04
2019-09-25,4371.04
2019-09-26,4395.34
2019-09-27,4395.34
2019-09-28,4395.34
2019-09-29,4395.34
2019-09-30,4395.34
2019-10-01,4393.7
2019-10-02,4397.61
2019-10-03,4397.61
2019-10-04,4397.61
2019-10-05,4397.61
2019-10-06,4397.61
2019-10-07,4397.61
2019-10-08,4397.61
2019-10-09,4397.61
2019-10-10,4400.93
2019-10-11,4373.45
2019-10-12,4373.45
2019-10-13,4373.45
2019-10-14,4369.84
2019-10-15,4365.93
2019-10-16,4365.93
2019-10-17,4355.43
2019-10-18,4355.43
2019-10-19,4355.43
2019-10-20,4355.43
2019-10-21,4355.43
2019-10-22,4359.34
2019-10-23,4352.11
2019-10-24,4352.11
2019-10-25,4352.11
2019-10-26,4352.11
2019-10-27,4352.11
2019-10-28,4330.56
2019-10-29,4330.56
2019-10-30,4330.56
2019-10-31,4330.56
2019-11-01,4312.77
2019-11-02,4312.77
2019-11-03,4312.77
2019-11-04,4312.77
2019-11-05,4317.68
2019-11-06,4313.77
2019-11-07,4312.57
2019-11-08,4310.66
2019-11-09,4310.66
2019-11-10,4310.66
2019-11-11,4311.14
2019-11-12,4311.9
2019-11-13,4315.91
2019-11-14,4308.1
2019-11-15,4296.29
2019-11-16,4296.29
2019-11-17,4296.29
2019-11-18,4247.69
2019-11-19,4247.69
2019-11-20,4259.5
2019-11-21,4259.5
2019-11-22,4259.5
2019-11-23,4259.5
2019-11-24,4259.5
2019-11-25,4259.5
2019-11-26,4259.5
2019-11-27,4259.02
2019-11-28,4259.02
2019-11-29,4259.02
2019-11-30,4259.02
2019-12-01,4259.02
2019-12-02,4259.02
2019-12-03,4272.91
2019-12-04,4272.91
2019-12-05,4272.91
2019-12-06,4268.9
2019-12-07,4268.9
2019-12-08,4268.9
2019-12-09,4268.9
2019-12-10,4268.9
2019-12-11,4268.9
2019-12-12,4264.99
2019-12-13,4251.1
2019-12-14,4251.1
2019-12-15,4251.1
2019-12-16,4255.01
2019-12-17,4250.62
2019-12-18,4250.62
2019-12-19,4264.51
2019-12-20,4264.51
2019-12-21,4264.51
2019-12-22,4264.51
2019-12-23,4264.51
2019-12-24,4264.51
2019-12-25,4264.51
2019-12-26,4264.51
2019-12-27,4264.51
2019-12-28,4264.51
2019-12-29,4264.51
2019-12-30,4264.51
2019-12-31,4264.51
2020-01-01,4264.51
2020-01-02,4264.51
2020-01-03,4264.51
2020-01-04,4264.51
2020-01-05,4264.51
2020-01-06,4264.51
2020-01-07,4260.6
2020-01-08,4260.6
2020-01-09,4260.6
2020-01-10,4256.69
2020-01-11,4256.69
2020-01-12,4256.69
2020-01-13,4252.42
2020-01-14,4252.42
2020-01-15,4257.65
2020-01-16,4257.65
2020-01-17,4257.65
2020-01-18,4257.65
2020-01-19,4257.65
2020-01-20,4257.65
2020-01-21,4258.96
2020-01-22,4256.51
2020-01-23,4255.2
2020-01-24,4253.76
2020-01-25,4253.76
2020-01-26,4253.76
2020-01-27,4254.24
2020-01-28,4255.55
2020-01-29,4255.55
2020-01-30,4255.55
2020-01-31,4251.54
2020-02-01,4251.54
2020-02-02,4251.54
2020-02-03,4255.55
2020-02-04,4255.55
2020-02-05,4255.55
2020-02-06,4258.14
2020-02-07,4254.23
2020-02-08,4254.23
2020-02-09,4254.23
2020-02-10,4258.14
2020-02-11,4258.14
2020-02-12,4254.82
2020-02-13,4254.82
2020-02-14,4254.82
2020-02-15,4254.82
2020-02-16,4254.82
2020-02-17,4254.31
2020-02-18,4254.31
2020-02-19,4254.31
2020-02-20,4253.85
2020-02-21,4253.85
2020-02-22,4253.85
2020-02-23,4253.85
2020-02-24,4250.58
2020-02-25,4250.58
2020-02-26,4246.75
2020-02-27,4246.75
2020-02-28,4250.48
2020-02-29,4250.48
2020-03-01,4250.48
2020-03-02,4250.48
2020-03-03,4250.48
2020-03-04,4250.48
2020-03-05,4264.29
2020-03-06,4260.56
2020-03-07,4260.56
2020-03-08,4260.56
2020-03-09,4260.56
2020-03-10,4260.56
2020-03-11,4243.65
2020-03-12,4243.65
2020-03-13,4243.65
2020-03-14,4243.65
2020-03-15,4243.65
2020-03-16,4232.26
2020-03-17,4232.26
2020-03-18,4228.43
2020-03-19,4228.43
2020-03-20,4228.43
2020-03-21,4228.43
2020-03-22,4228.43
2020-03-23,4230.65
2020-03-24,4237.08
2020-03-25,4237.08
2020-03-26,4233.35
2020-03-27,4233.35
2020-03-28,4233.35
2020-03-29,4233.35
2020-03-30,4233.35
2020-03-31,4232.83
2020-04-01,4229.0
2020-04-02,4233.69
2020-04-03,4233.69
2020-04-04,4233.69
2020-04-05,4233.69
2020-04-06,4227.66
2020-04-07,4152.99
2020-04-08,4152.07
2020-04-09,4152.07
2020-04-10,4152.07
2020-04-11,4152.07
2020-04-12,4152.07
2020-04-13,4152.07
2020-04-14,4147.19
2020-04-15,4147.19
2020-04-16,4140.56
2020-04-17,4140.56
2020-04-18,4140.56
2020-04-19,4140.56
2020-04-20,4140.56
2020-04-21,4140.56
2020-04-22,4140.56
2020-04-23,4141.94
2020-04-24,4145.82
2020-04-25,4145.82
2020-04-26,4145.82
2020-04-27,4130.5
2020-04-28,4149.17
2020-04-29,4149.17
2020-04-30,4149.17
2020-05-01,4149.17
2020-05-02,4149.17
2020-05-03,4149.17
2020-05-04,4149.17
2020-05-05,4149.17
2020-05-06,4145.44
2020-05-07,4145.44
2020-05-08,4094.16
2020-05-09,4094.16
2020-05-10,4094.16
2020-05-11,4094.16
2020-05-12,4090.33
2020-05-13,4090.33
2020-05-14,4090.33
2020-05-15,4082.86
2020-05-16,4082.86
2020-05-17,4082.86
2020-05-18,4078.25
2020-05-19,4078.25
2020-05-20,4078.25
2020-05-21,4078.25
2020-05-22,4078.25
2020-05-23,4078.25
2020-05-24,4078.25
2020-05-25,4078.25
2020-05-26,4078.25
2020-05-27,4074.52
2020-05-28,4024.34
2020-05-29,4024.34
2020-05-30,4024.34
2020-05-31,4024.34
2020-06-01,4024.34
2020-06-02,4024.34
2020-06-03,4013.14
2020-06-04,4013.14
2020-06-05,4013.14
2020-06-06,4013.14
2020-06-07,4013.14
2020-06-08,4013.14
2020-06-09,4013.14
2020-06-10,4013.14
2020-06-11,4013.14
2020-06-12,3971.11
2020-06-13,3971.11
2020-06-14,3971.11
2020-06-15,3971.11
2020-06-16,3944.98
2020-06-17,3971.11
2020-06-18,3944.98
2020-06-19,3944.98
2020-06-20,3944.98
2020-06-21,3944.98
2020-06-22,3944.98
2020-06-23,3944.98
2020-06-24,3937.7
2020-06-25,3937.7
2020-06-26,3937.7
2020-06-27,3937.7
2020-06-28,3937.7
2020-06-29,3927.13
2020-06-30,3919.57
2020-07-01,3885.97
2020-07-02,3926.75
2020-07-03,3926.75
2020-07-04,3926.75
2020-07-05,3926.75
2020-07-06,3926.75
2020-07-07,3926.75
2020-07-08,3926.75
2020-07-09,3915.55
2020-07-10,3915.55
2020-07-11,3915.55
2020-07-12,3915.55
2020-07-13,3893.15
2020-07-14,3893.15
2020-07-15,3890.85
2020-07-16,3890.85
2020-07-17,3879.36
2020-07-18,3879.36
2020-07-19,3879.36
2020-07-20,3879.36
2020-07-21,3899.76
2020-07-22,3892.1
2020-07-23,3885.21
2020-07-24,3837.54
2020-07-25,3837.54
2020-07-26,3837.54
2020-07-27,3859.94
2020-07-28,3859.94
2020-07-29,3865.4
2020-07-30,3865.4
2020-07-31,3865.4
2020-08-01,3865.4
2020-08-02,3865.4
2020-08-03,3865.4
2020-08-04,3865.4
2020-08-05,3865.4
2020-08-06,3865.4
2020-08-07,3865.4
2020-08-08,3865.4
2020-08-09,3865.4
2020-08-10,3847.75
2020-08-11,3855.41
2020-08-12,3855.41
2020-08-13,3855.41
2020-08-14,3844.69
2020-08-15,3844.69
2020-08-16,3844.69
2020-08-17,3842.39
2020-08-18,3842.39
2020-08-19,3842.39
2020-08-20,3842.39
2020-08-21,3842.39
2020-08-22,3842.39
2020-08-23,3842.39
2020-08-24,3842.39
2020-08-25,3818.99
2020-08-26,3842.39
2020-08-27,3842.39
2020-08-28,3842.39
2020-08-29,3842.39
2020-08-30,3842.39
2020-08-31,3842.39
2020-09-01,3842.39
2020-09-02,3842.39
2020-09-03,3842.39
2020-09-04,3838.66
2020-09-05,3838.66
2020-09-06,3838.66
2020-09-07,3838.2
2020-09-08,3838.2
2020-09-09,3830.62
2020-09-10,3830.62
2020-09-11,3834.35
2020-09-12,3834.35
2020-09-13,3834.35
2020-09-14,3834.35
2020-09-15,3834.35
2020-09-16,3834.35
2020-09-17,3834.35
2020-09-18,3834.35
2020-09-19,3834.35
2020-09-20,3834.35
2020-09-21,3834.35
2020-09-22,3834.35
2020-09-23,3834.35
2020-09-24,3823.58
2020-09-25,3823.58
2020-09-26,3823.58
2020-09-27,3823.58
2020-09-28,3823.58
2020-09-29,3823.58
2020-09-30,3823.58
2020-10-01,3815.54
2020-10-02,3811.81
2020-10-03,3811.81
2020-10-04,3811.81
2020-10-05,3811.81
2020-10-06,3811.81
2020-10-07,3811.75
2020-10-08,3811.75
2020-10-09,3811.75
2020-10-10,3811.75
2020-10-11,3811.75
2020-10-12,3811.75
2020-10-13,3811.75
2020-10-14,3811.75
2020-10-15,3806.88
2020-10-16,3806.88
2020-10-17,3806.88
2020-10-18,3806.88
2020-10-19,3806.88
2020-10-20,3806.88
2020-10-21,3806.88
2020-10-22,3806.88
2020-10-23,3806.88
2020-10-24,3806.88
2020-10-25,3806.88
2020-10-26,3806.88
2020-10-27,3809.22
2020-10-28,3809.22
2020-10-29,3809.22
2020-10-30,3809.22
2020-10-31,3809.22
2020-11-01,3809.22
2020-11-02,3809.22
2020-11-03,3809.22
2020-11-04,3757.83
2020-11-05,3757.83
2020-11-06,3760.73
2020-11-07,3760.73
2020-11-08,3760.73
2020-11-09,3760.73
2020-11-10,3775.3
2020-11-11,3796.85
2020-11-12,3820.03
2020-11-13,3855.33
2020-11-14,3855.33
2020-11-15,3855.33
2020-11-16,3883.92
2020-11-17,3868.78
2020-11-18,3868.78
2020-11-19,3868.78
2020-11-20,3868.78
2020-11-21,3868.78
2020-11-22,3868.78
2020-11-23,3868.78
2020-11-24,3909.42
2020-11-25,3854.41
2020-11-26,3803.23
2020-11-27,3804.37
2020-11-28,3804.37
2020-11-29,3804.37
2020-11-30,3780.64
2020-12-01,3779.72
2020-12-02,3777.65
2020-12-03,3777.65
2020-12-04,3847.99
2020-12-05,3847.99
2020-12-06,3847.99
2020-12-07,3844.68
2020-12-08,3855.85
2020-12-09,3855.85
2020-12-10,3855.85
2020-12-11,3855.85
2020-12-12,3855.85
2020-12-13,3855.85
2020-12-14,3899.98
2020-12-15,3937.22
2020-12-16,3937.35
2020-12-17,3937.35
2020-12-18,3937.35
2020-12-19,3937.35
2020-12-20,3937.35
2020-12-21,3937.22
2020-12-22,3937.22
2020-12-23,3937.22
2020-12-24,3937.22
2020-12-25,3937.22
2020-12-26,3937.22
2020-12-27,3937.22
2020-12-28,3912.46
2020-12-29,3912.46
2020-12-30,3912.33
2020-12-31,3912.33
2021-01-01,3912.33
2021-01-02,3912.33
2021-01-03,3912.33
2021-01-04,3912.33
2021-01-05,3912.33
2021-01-06,3912.33
2021-01-07,3912.33
2021-01-08,3912.33
2021-01-09,3912.33
2021-01-10,3912.33
2021-01-11,3912.33
2021-01-12,3912.33
2021-01-13,3912.33
2021-01-14,3912.33
2021-01-15,3912.33
2021-01-16,3912.33
2021-01-17,3912.33
2021-01-18,3912.33
2021-01-19,3912.33
2021-01-20,3912.33
2021-01-21,3912.33
2021-01-22,3912.33
2021-01-23,3912.33
2021-01-24,3912.33
2021-01-25,3912.33
2021-01-26,3912.33
2021-01-27,3912.33
2021-01-28,3902.59
2021-01-29,3902.59
2021-01-30,3902.59
2021-01-31,3902.59
2021-02-01,3904.59
2021-02-02,3904.59
2021-02-03,3904.59
2021-02-04,3904.59
2021-02-05,3904.59
2021-02-06,3904.59
2021-02-07,3904.59
2021-02-08,3900.87
2021-02-09,3901.39
2021-02-10,3911.32
2021-02-11,3944.84
2021-02-12,3948.15
2021-02-13,3948.15
2021-02-14,3948.15
2021-02-15,3948.15
2021-02-16,3971.18
2021-02-17,3971.18
2021-02-18,3971.18
2021-02-19,3971.18
2021-02-20,3971.18
2021-02-21,3971.18
2021-02-22,3984.41
2021-02-23,3983.9
2021-02-24,3983.9
2021-02-25,3983.9
2021-02-26,3983.9
2021-02-27,3983.9
2021-02-28,3983.9
2021-03-01,3983.9
2021-03-02,3983.9
2021-03-03,3983.9
2021-03-04,3965.29
2021-03-05,3970.9
2021-03-06,3970.9
2021-03-07,3970.9
2021-03-08,3970.9
2021-03-09,3967.08
2021-03-10,3968.0
2021-03-11,3949.0
2021-03-12,3949.0
2021-03-13,3949.0
2021-03-14,3949.0
2021-03-15,3955.65
2021-03-16,3955.65
2021-03-17,3974.75
2021-03-18,3974.75
2021-03-19,3974.75
2021-03-20,3974.75
2021-03-21,3974.75
2021-03-22,3974.75
2021-03-23,3974.75
2021-03-24,3974.75
2021-03-25,3974.75
2021-03-26,4021.07
2021-03-27,4021.07
2021-03-28,4021.07
2021-03-29,4021.07
2021-03-30,4021.07
2021-03-31,4021.07
2021-04-01,4021.07
2021-04-02,4021.07
2021-04-03,4021.07
2021-04-04,4021.07
2021-04-05,4021.07
2021-04-06,4021.07
2021-04-07,4021.53
2021-04-08,4021.53
2021-04-09,4025.25
2021-04-10,4025.25
2021-04-11,4025.25
2021-04-12,4021.53
2021-04-13,4043.3
2021-04-14,3996.33
2021-04-15,4038.71
2021-04-16,3953.06
2021-04-17,3953.06
2021-04-18,3953.06
2021-04-19,4052.29
2021-04-20,4050.57
2021-04-21,4069.19
2021-04-22,4076.64
2021-04-23,4089.24
2021-04-24,4089.24
2021-04-25,4089.24
2021-04-26,4113.54
2021-04-27,4113.54
2021-04-28,4079.47
2021-04-29,4109.26
2021-04-30,4109.31
2021-05-01,4109.31
2021-05-02,4109.31
2021-05-03,4109.31
2021-05-04,4109.53
2021-05-05,4137.3
2021-05-06,4137.3
2021-05-07,4131.4
2021-05-08,4131.4
2021-05-09,4131.4
2021-05-10,4140.66
2021-05-11,4140.66
2021-05-12,4140.66
2021-05-13,4140.66
2021-05-14,4218.25
2021-05-15,4218.25
2021-05-16,4218.25
2021-05-17,4169.35
2021-05-18,4168.62
2021-05-19,4168.62
2021-05-20,4168.62
2021-05-21,4168.62
2021-05-22,4168.62
2021-05-23,4168.62
2021-05-24,4168.62
2021-05-25,4168.62
2021-05-26,4205.29
2021-05-27,4246.55
2021-05-28,4155.21
2021-05-29,4155.21
2021-05-30,4155.21
2021-05-31,4246.55
2021-06-01,4246.55
2021-06-02,4292.98
2021-06-03,4296.7
2021-06-04,4292.98
2021-06-05,4292.98
2021-06-06,4292.98
2021-06-07,4292.98
2021-06-08,4292.98
2021-06-09,4292.98
2021-06-10,4264.12
2021-06-11,4267.84
2021-06-12,4267.84
2021-06-13,4267.84
2021-06-14,4323.7
2021-06-15,4381.74
2021-06-16,4381.74
2021-06-17,4386.35
2021-06-18,4386.35
2021-06-19,4386.35
2021-06-20,4386.35
2021-06-21,4443.65
2021-06-22,4399.64
2021-06-23,4401.47
2021-06-24,4451.44
2021-06-25,4424.92
2021-06-26,4424.92
2021-06-27,4424.92
2021-06-28,4474.55
2021-06-29,4619.8
2021-06-30,4611.79
2021-07-01,4611.38
2021-07-02,4611.38
2021-07-03,4611.38
2021-07-04,4611.38
2021-07-05,4611.38
2021-07-06,4611.38
2021-07-07,4611.38
2021-07-08,4664.45
2021-07-09,4782.58
2021-07-10,4782.58
2021-07-11,4782.58
2021-07-12,4782.58
2021-07-13,4787.39
2021-07-14,4638.75
2021-07-15,4638.75
2021-07-16,4638.75
2021-07-17,4638.75
2021-07-18,4638.75
2021-07-19,4638.29
2021-07-20,4638.29
2021-07-21,4638.29
2021-07-22,4645.74
2021-07-23,4638.29
2021-07-24,4638.29
2021-07-25,4638.29
2021-07-26,4637.83
2021-07-27,4634.01
2021-07-28,4634.01
2021-07-29,4624.08
2021-07-30,4682.42
2021-07-31,4682.42
2021-08-01,4682.42
2021-08-02,4682.42
2021-08-03,4682.42
2021-08-04,4605.57
2021-08-05,4623.82
2021-08-06,4623.82
2021-08-07,4605.57
2021-08-08,4605.57
2021-08-09,4659.49
2021-08-10,4662.8
2021-08-11,4662.8
2021-08-12,4662.8
2021-08-13,4662.8
2021-08-14,4662.8
2021-08-15,4662.8
2021-08-16,4662.8
2021-08-17,4679.64
2021-08-18,4621.01
2021-08-19,4649.43
2021-08-20,4645.61
2021-08-21,4645.61
2021-08-22,4645.61
2021-08-23,4645.12
2021-08-24,4645.12
2021-08-25,4645.12
2021-08-26,4645.12
2021-08-27,4647.11
2021-08-28,4647.11
2021-08-29,4647.11
2021-08-30,4647.11
2021-08-31,4713.13
2021-09-01,4796.69
2021-09-02,4800.0
2021-09-03,4802.81
2021-09-04,4802.81
2021-09-05,4802.81
2021-09-06,4802.81
2021-09-07,4790.43
2021-09-08,4763.69
2021-09-09,4763.52
2021-09-10,4763.52
2021-09-11,4763.52
2021-09-12,4763.52
2021-09-13,4704.41
2021-09-14,4746.58
2021-09-15,4746.58
2021-09-16,4739.33
2021-09-17,4746.58
2021-09-18,4746.58
2021-09-19,4746.58
2021-09-20,4876.92
2021-09-21,4895.54
2021-09-22,4895.54
2021-09-23,4895.54
2021-09-24,4895.54
2021-09-25,4895.54
2021-09-26,4895.54
2021-09-27,4895.54
2021-09-28,4925.33
2021-09-29,4951.4
2021-09-30,4932.59
2021-10-01,4932.59
2021-10-02,4932.59
2021-10-03,4932.59
2021-10-04,4978.43
2021-10-05,4978.43
2021-10-06,4978.43
2021-10-07,4978.43
2021-10-08,4978.43
2021-10-09,4978.43
2021-10-10,4978.43
2021-10-11,4978.71
2021-10-12,4979.4
2021-10-13,4996.08
2021-10-14,4996.08
2021-10-15,4996.13
2021-10-16,4996.13
2021-10-17,4996.13
2021-10-18,4996.13
2021-10-19,4996.13
2021-10-20,4885.34
2021-10-21,4899.78
2021-10-22,4832.46
2021-10-23,4832.46
2021-10-24,4832.46
2021-10-25,4832.46
2021-10-26,4832.46
2021-10-27,4827.53
2021-10-28,4827.43
2021-10-29,4903.53
2021-10-30,4903.53
2021-10-31,4903.53
2021-11-01,4903.53
2021-11-02,4963.93
2021-11-03,5088.14
2021-11-04,5096.7
2021-11-05,5192.01
2021-11-06,5192.01
2021-11-07,5192.01
2021-11-08,5252.87
2021-11-09,5257.95
2021-11-10,5269.12
2021-11-11,5387.33
2021-11-12,5387.33
2021-11-13,5387.33
2021-11-14,5387.33
2021-11-15,5577.51
2021-11-16,5540.27
2021-11-17,5578.63
2021-11-18,5577.69
2021-11-19,5440.89
2021-11-20,5440.89
2021-11-21,5440.89
2021-11-22,5434.69
2021-11-23,5440.89
2021-11-24,5440.89
2021-11-25,5440.89
2021-11-26,5433.44
2021-11-27,5433.44
2021-11-28,5433.44
2021-11-29,5352.41
2021-11-30,5356.41
2021-12-01,5356.41
2021-12-02,5408.44
2021-12-03,5409.13
2021-12-04,5409.13
2021-12-05,5409.13
2021-12-06,5438.17
2021-12-07,5445.62
2021-12-08,5445.62
2021-12-09,5590.72
2021-12-10,5590.72
2021-12-11,5590.72
2021-12-12,5590.72
2021-12-13,5590.72
2021-12-14,5624.74
2021-12-15,5649.63
2021-12-16,5828.85
2021-12-17,5797.57
2021-12-18,5797.57
2021-12-19,5797.57
2021-12-20,5797.57
2021-12-21,5794.82
2021-12-22,5794.82
2021-12-23,5787.37
2021-12-24,5844.45
2021-12-25,5844.45
2021-12-26,5844.45
2021-12-27,5844.45
2021-12-28,5844.45
2021-12-29,5954.82
2021-12-30,5954.82
2021-12-31,6059.68
2022-01-01,6059.68
2022-01-02,6059.68
2022-01-03,6059.68
2022-01-04,6062.99
2022-01-05,6062.99
2022-01-06,6218.49
2022-01-07,6219.27
2022-01-08,6219.27
2022-01-09,6219.27
2022-01-10,6264.98
2022-01-11,6258.36
2022-01-12,6264.98
2022-01-13,6264.98
2022-01-14,6264.98
2022-01-15,6264.98
2022-01-16,6264.98
2022-01-17,6264.98
2022-01-18,6297.92
2022-01-19,6282.65
2022-01-20,6143.69
2022-01-21,6143.69
2022-01-22,6143.69
2022-01-23,6143.69
2022-01-24,6083.86
2022-01-25,6100.22
2022-01-26,6103.94
2022-01-27,6015.46
2022-01-28,6013.8
2022-01-29,6013.8
2022-01-30,6013.8
2022-01-31,6013.8
2022-02-01,6358.58
2022-02-02,6416.86
2022-02-03,6359.56
2022-02-04,6361.91
2022-02-05,6361.91
2022-02-06,6361.91
2022-02-07,6476.52
2022-02-08,6444.46
2022-02-09,6448.18
2022-02-10,6434.39
2022-02-11,6434.39
2022-02-12,6434.39
2022-02-13,6434.39
2022-02-14,6386.82
2022-02-15,6383.1
2022-02-16,6384.17
2022-02-17,6511.13
2022-02-18,6333.44
2022-02-19,6333.44
2022-02-20,6333.44
2022-02-21,6587.14
2022-02-22,6584.76
2022-02-23,6407.9
2022-02-24,6419.57
2022-02-25,6435.06
2022-02-26,6435.06
2022-02-27,6435.06
2022-02-28,6473.63
2022-03-01,6473.63
2022-03-02,6490.13
2022-03-03,6486.31
2022-03-04,6486.31
2022-03-05,6486.31
2022-03-06,6486.31
2022-03-07,6631.41
2022-03-08,6631.41
2022-03-09,6676.69
2022-03-10,6672.97
2022-03-11,6672.97
2022-03-12,6672.97
2022-03-13,6672.97
2022-03-14,6669.93
2022-03-15,6655.95
2022-03-16,6638.59
2022-03-17,6651.19
2022-03-18,6651.19
2022-03-19,6651.19
2022-03-20,6651.19
2022-03-21,6734.62
2022-03-22,6850.37
2022-03-23,6850.18
2022-03-24,6849.49
2022-03-25,6850.18
2022-03-26,6850.18
2022-03-27,6850.18
2022-03-28,6842.81
2022-03-29,6845.8
2022-03-30,6846.95
2022-03-31,6847.5
2022-04-01,6847.5
2022-04-02,6847.5
2022-04-03,6847.5
2022-04-04,6870.33
2022-04-05,6912.98
2022-04-06,6932.87
2022-04-07,6932.87
2022-04-08,6973.4
2022-04-09,6973.4
2022-04-10,6973.4
2022-04-11,6958.22
2022-04-12,6965.89
2022-04-13,7009.13
2022-04-14,7007.36
2022-04-15,7007.36
2022-04-16,7007.36
2022-04-17,7007.36
2022-04-18,7007.36
2022-04-19,6983.71
2022-04-20,6959.86
2022-04-21,6973.96
2022-04-22,6973.96
2022-04-23,6973.96
2022-04-24,6973.96
2022-04-25,6926.8
2022-04-26,6926.8
2022-04-27,6928.11
2022-04-28,6928.11
2022-04-29,6924.34
2022-04-30,6924.34
2022-05-01,6924.34
2022-05-02,6924.34
2022-05-03,6845.6
2022-05-04,6701.62
2022-05-05,6727.88
2022-05-06,6721.9
2022-05-07,6721.9
2022-05-08,6721.9
2022-05-09,6769.74
2022-05-10,6807.99
2022-05-11,6778.13
2022-05-12,6778.13
2022-05-13,6811.08
2022-05-14,6811.08
2022-05-15,6811.08
2022-05-16,6811.08
2022-05-17,6781.47
2022-05-18,6783.02
2022-05-19,6786.85
2022-05-20,6786.85
2022-05-21,6786.85
2022-05-22,6786.85
2022-05-23,6786.85
2022-05-24,6791.56
2022-05-25,6791.56
2022-05-26,6787.73
2022-05-27,6787.73
2022-05-28,6787.73
2022-05-29,6787.73
2022-05-30,6799.03
2022-05-31,6799.03
2022-06-01,6802.76
2022-06-02,6802.76
2022-06-03,6802.76
2022-06-04,6802.76
2022-06-05,6802.76
2022-06-06,6801.0
2022-06-07,6814.34
2022-06-08,6811.02
2022-06-09,6811.02
2022-06-10,6794.44
2022-06-11,6839.34
2022-06-12,6839.34
2022-06-13,6839.34
2022-06-14,6839.34
2022-06-15,6842.65
2022-06-16,6842.65
2022-06-17,6842.65
2022-06-18,6842.65
2022-06-19,6842.65
2022-06-20,6843.11
2022-06-21,6843.11
2022-06-22,6839.38
2022-06-23,6843.79
2022-06-24,6843.79
2022-06-25,6843.79
2022-06-26,6843.79
2022-06-27,6855.04
2022-06-28,6851.21
2022-06-29,6851.21
2022-06-30,6854.12
2022-07-01,6854.12
2022-07-02,6854.12
2022-07-03,6854.12
2022-07-04,6854.12
2022-07-05,6854.12
2022-07-06,6884.04
2022-07-07,6867.59
2022-07-08,6864.68
2022-07-09,6864.68
2022-07-10,6864.68
2022-07-11,6865.86
2022-07-12,6865.86
2022-07-13,6865.86
2022-07-14,6867.01
2022-07-15,6868.39
2022-07-16,6868.39
2022-07-17,6868.39
2022-07-18,6875.99
2022-07-19,6878.29
2022-07-20,6877.18
2022-07-21,6888.26
2022-07-22,6888.26
2022-07-23,6888.26
2022-07-24,6888.26
2022-07-25,6884.94
2022-07-26,6890.06
2022-07-27,6887.17
2022-07-28,6892.98
2022-07-29,6889.66
2022-07-30,6889.66
2022-07-31,6889.66
2022-08-01,6889.66
2022-08-02,6892.98
2022-08-03,6909.55
2022-08-04,6913.0
2022-08-05,6916.74
2022-08-06,6916.74
2022-08-07,6916.74
2022-08-08,6937.39
2022-08-09,6937.39
2022-08-10,6949.35
2022-08-11,6963.78
2022-08-12,6960.46
2022-08-13,6960.46
2022-08-14,6960.46
2022-08-15,6982.98
2022-08-16,6987.91
2022-08-17,6995.47
2022-08-18,6995.47
2022-08-19,6998.79
2022-08-20,6998.79
2022-08-21,6998.79
2022-08-22,7006.26
2022-08-23,7010.41
2022-08-24,7012.48
2022-08-25,7007.09
2022-08-26,7014.75
2022-08-27,7014.75
2022-08-28,7014.75
2022-08-29,7014.06
2022-08-30,6987.25
2022-08-31,7017.34
2022-09-01,7013.48
2022-09-02,7043.67
2022-09-03,7043.67
2022-09-04,7043.67
2022-09-05,7043.9
2022-09-06,7058.61
2022-09-07,7058.84
2022-09-08,7056.22
2022-09-09,7058.84
2022-09-10,7058.84
2022-09-11,7058.84
2022-09-12,7058.84
2022-09-13,7057.08
2022-09-14,7058.84
2022-09-15,7144.03
2022-09-16,7211.23
2022-09-17,7211.23
2022-09-18,7211.23
2022-09-19,7211.23
2022-09-20,7211.27
2022-09-21,7210.58
2022-09-22,7224.64
2022-09-23,7258.5
2022-09-24,7258.5
2022-09-25,7258.5
2022-09-26,7275.08
2022-09-27,7341.42
2022-09-28,7338.69
2022-09-29,7345.33
2022-09-30,7342.44
2022-10-01,7342.44
2022-10-02,7342.44
2022-10-03,7342.44
2022-10-04,7342.45
2022-10-05,7342.46
2022-10-06,7342.47
2022-10-07,7342.48
2022-10-08,7342.49
2022-10-09,7342.51
2022-10-10,7342.51
2022-10-11,7342.52
2022-10-12,7342.53
2022-10-13,7342.54
2022-10-14,7342.55
2022-10-15,7342.56
2022-10-16,7342.57
2022-10-17,7342.58
2022-10-18,7342.59
2022-10-19,7342.59
2022-10-20,7342.61
2022-10-21,7342.62
2022-10-22,7342.63
2022-10-23,7342.64
2022-10-24,7342.65
2022-10-25,7342.66
2022-10-26,7342.67
2022-10-27,7342.68
2022-10-28,7342.69
2022-10-29,7342.69
2022-10-30,7342.71
2022-10-31,7342.72
2022-11-01,7233.54
2022-11-02,7233.54
2022-11-03,7233.54
2022-11-04,7233.54
2022-11-05,7233.54
2022-11-06,7233.54
2022-11-07,7219.48
2022-11-08,7181.18
2022-11-09,7219.48
2022-11-10,7218.79
2022-11-11,7218.79
2022-11-12,7218.79
2022-11-13,7251.95
2022-11-14,7251.95
2022-11-15,7251.95
2022-11-16,7255.4
2022-11-17,7171.15
2022-11-18,7171.15
2022-11-19,7171.15
2022-11-20,7164.46
2022-11-21,7167.78
2022-11-22,7164.84
2022-11-23,7161.33
2022-11-24,7172.82
2022-11-25,7172.82
2022-11-26,7172.82
2022-11-27,7098.57
2022-11-28,7340.28
2022-11-29,7251.95
2022-11-30,7284.75
2022-12-01,7249.67
2022-12-02,7344.32
2022-12-03,7344.32
2022-12-04,7344.32
2022-12-05,7341.92
2022-12-06,7337.91
2022-12-07,7336.76
2022-12-08,7336.59
2022-12-09,7336.59
2022-12-10,7336.59
2022-12-11,7336.59
2022-12-12,7336.59
2022-12-13,7310.46
2022-12-14,7336.59
2022-12-15,7340.6
2022-12-16,7337.28
2022-12-17,7337.28
2022-12-18,7337.28
2022-12-19,7337.28
2022-12-20,7337.28
2022-12-21,7337.28
2022-12-22,7337.28
2022-12-23,7337.28
2022-12-24,7337.28
2022-12-25,7337.28
2022-12-26,7337.28
2022-12-27,7337.97
2022-12-28,7337.28
2022-12-29,7337.97
2022-12-30,7337.79
2022-12-31,7337.79
2023-01-01,7337.79
2023-01-02,7337.79
2023-01-03,7337.79
2023-01-04,7337.79
2023-01-05,7355.71
2023-01-06,7355.71
2023-01-07,7355.71
2023-01-08,7355.71
2023-01-09,7356.97
2023-01-10,7356.97
2023-01-11,7272.72
2023-01-12,7271.46
2023-01-13,7233.16
2023-01-14,7233.16
2023-01-15,7233.16
2023-01-16,7225.7
2023-01-17,7233.16
2023-01-18,7225.7
2023-01-19,7233.16
2023-01-20,7233.16
2023-01-21,7233.16
2023-01-22,7233.16
2023-01-23,7233.16
2023-01-24,7233.16
2023-01-25,7233.16
2023-01-26,7226.68
2023-01-27,7222.94
2023-01-28,7222.94
2023-01-29,7222.94
2023-01-30,7222.94
2023-01-31,7217.75
2023-02-01,7256.19
2023-02-02,7262.83
2023-02-03,7226.74
2023-02-04,7226.74
2023-02-05,7226.74
2023-02-06,7226.74
2023-02-07,7229.99
2023-02-08,7233.82
2023-02-09,7166.65
2023-02-10,7200.43
2023-02-11,7200.43
2023-02-12,7200.43
2023-02-13,7201.12
2023-02-14,7201.12
2023-02-15,7241.41
2023-02-16,7261.31
2023-02-17,7211.56
2023-02-18,7211.56
2023-02-19,7211.56
2023-02-20,7207.82
2023-02-21,7257.57
2023-02-22,7261.31
2023-02-23,7213.94
2023-02-24,7249.62
2023-02-25,7249.62
2023-02-26,7249.62
2023-02-27,7249.62
2023-02-28,7249.62
2023-03-01,7262.89
2023-03-02,7347.93
2023-03-03,7348.99
2023-03-04,7348.99
2023-03-05,7348.99
2023-03-06,7343.24
2023-03-07,7227.17
2023-03-08,7227.17
2023-03-09,7227.17
2023-03-10,7227.17
2023-03-11,7227.17
2023-03-12,7227.17
2023-03-13,7227.17
2023-03-14,7265.46
2023-03-15,7326.74
2023-03-16,7326.09
2023-03-17,7341.41
2023-03-18,7341.41
2023-03-19,7341.41
2023-03-20,7341.87
2023-03-21,7303.57
2023-03-22,7265.27
2023-03-23,7239.32
2023-03-24,7285.09
2023-03-25,7285.09
2023-03-26,7285.09
2023-03-27,7362.24
2023-03-28,7761.51
2023-03-29,7761.51
2023-03-30,7838.1
2023-03-31,7838.1
2023-04-01,7838.1
2023-04-02,7838.1
2023-04-03,7921.02
2023-04-04,7922.17
2023-04-05,7922.17
2023-04-06,7922.17
2023-04-07,7922.17
2023-04-08,7922.17
2023-04-09,7922.17
2023-04-10,7922.17
2023-04-11,7922.17
2023-04-12,7922.17
2023-04-13,7939.4
2023-04-14,7985.36
2023-04-15,7985.36
2023-04-16,7985.36
2023-04-17,7985.36
2023-04-18,7987.89
2023-04-19,7987.89
2023-04-20,8021.24
2023-04-21,8021.24
2023-04-22,8021.24
2023-04-23,8021.24
2023-04-24,8019.86
2023-04-25,8031.2
2023-04-26,8018.8
2023-04-27,8018.8
2023-04-28,8018.8
2023-04-29,8018.8
2023-04-30,8018.8
2023-05-01,8018.8
2023-05-02,8018.8
2023-05-03,8095.4
2023-05-04,8095.4
2023-05-05,8095.4
2023-05-06,8095.4
2023-05-07,8095.4
2023-05-08,8150.79
2023-05-09,8150.79
2023-05-10,8150.79
2023-05-11,8150.79
2023-05-12,8150.79
2023-05-13,8150.79
2023-05-14,8150.79
2023-05-15,8150.79
2023-05-16,8150.79
2023-05-17,8150.79
2023-05-18,8154.62
2023-05-19,8171.21
2023-05-20,8171.21
2023-05-21,8171.21
2023-05-22,8150.79
2023-05-23,8150.79
2023-05-24,8150.79
2023-05-25,8150.79
2023-05-26,8147.06
2023-05-27,8147.06
2023-05-28,8147.06
2023-05-29,8147.06
2023-05-30,8189.09
2023-05-31,8242.08
2023-06-01,8234.42
2023-06-02,8234.48
2023-06-03,8234.48
2023-06-04,8234.48
2023-06-05,8188.98
2023-06-06,8188.98
2023-06-07,8188.98
2023-06-08,8188.98
2023-06-09,8188.98
2023-06-10,8188.98
2023-06-11,8188.98
2023-06-12,8188.98
2023-06-13,8188.98
2023-06-14,8234.48
2023-06-15,8235.0
2023-06-16,8235.0
2023-06-17,8235.0
2023-06-18,8235.0
2023-06-19,8235.0
2023-06-20,8235.0
2023-06-21,8236.96
2023-06-22,8236.96
2023-06-23,8236.96
2023-06-24,8236.96
2023-06-25,8236.96
2023-06-26,8240.79
2023-06-27,8226.11
2023-06-28,8222.28
2023-06-29,8248.06
2023-06-30,8238.86
2023-07-01,8238.86
2023-07-02,8238.86
2023-07-03,8238.86
2023-07-04,8238.86
2023-07-05,8238.86
2023-07-06,8231.57
2023-07-07,8231.98
2023-07-08,8231.98
2023-07-09,8231.98
2023-07-10,8228.25
2023-07-11,8228.25
2023-07-12,8228.3
2023-07-13,8228.3
2023-07-14,8227.61
2023-07-15,8227.61
2023-07-16,8227.61
2023-07-17,8227.61
2023-07-18,8230.89
2023-07-19,8230.89
2023-07-20,8230.89
2023-07-21,8229.51
2023-07-22,8229.51
2023-07-23,8229.51
2023-07-24,8222.74
2023-07-25,8225.59
2023-07-26,8224.21
2023-07-27,8367.33
2023-07-28,8361.81
2023-07-29,8361.81
2023-07-30,8361.81
2023-07-31,8361.81
2023-08-01,8365.8
2023-08-02,8362.07
2023-08-03,8365.8
2023-08-04,8365.8
2023-08-05,8365.8
2023-08-06,8365.8
2023-08-07,8365.8
2023-08-08,8369.53
2023-08-09,8373.27
2023-08-10,8373.27
2023-08-11,8373.27
2023-08-12,8373.27
2023-08-13,8373.27
2023-08-14,8552.0
2023-08-15,8552.0
2023-08-16,8696.51
2023-08-17,8695.59
2023-08-18,8698.86
2023-08-19,8698.86
2023-08-20,8698.86
2023-08-21,8692.23
2023-08-22,8698.86
2023-08-23,8698.86
2023-08-24,8691.95
2023-08-25,8691.95
2023-08-26,8691.95
2023-08-27,8691.95
2023-08-28,8705.12
2023-08-29,8701.8
2023-08-30,8707.01
2023-08-31,8704.63
2023-09-01,8700.04
2023-09-02,8700.04
2023-09-03,8700.04
2023-09-04,8707.5
2023-09-05,8707.5
2023-09-06,9043.5
2023-09-07,9114.43
2023-09-08,9114.43
2023-09-09,9114.43
2023-09-10,9114.43
2023-09-11,9144.29
2023-09-12,9153.83
2023-09-13,9157.56
2023-09-14,9153.83
2023-09-15,9153.83
2023-09-16,9153.83
2023-09-17,9153.83
2023-09-18,9168.76
2023-09-19,9161.3
2023-09-20,9235.39
2023-09-21,9235.39
2023-09-22,9235.39
2023-09-23,9235.39
2023-09-24,9235.39
2023-09-25,9282.97
2023-09-26,9247.26
2023-09-27,9246.53
2023-09-28,9280.85
2023-09-29,9313.3
2023-09-30,9313.3
2023-10-01,9313.3
2023-10-02,9343.98
2023-10-03,9354.66
2023-10-04,9354.66
2023-10-05,9354.66
2023-10-06,9354.66
2023-10-07,9354.66
2023-10-08,9354.66
2023-10-09,9414.37
2023-10-10,9414.37
2023-10-11,9523.07
2023-10-12,9556.66
2023-10-13,9549.66
2023-10-14,9549.66
2023-10-15,9549.66
2023-10-16,9549.66
2023-10-17,9661.65
2023-10-18,9661.65
2023-10-19,9768.81
2023-10-20,9768.81
2023-10-21,9768.81
2023-10-22,9768.81
2023-10-23,9915.37
2023-10-24,9915.37
2023-10-25,9915.37
2023-10-26,9917.12
2023-10-27,9917.12
2023-10-28,9917.12
2023-10-29,9917.12
2023-10-30,9917.12
2023-10-31,9920.86
2023-11-01,9920.86
2023-11-02,9920.86
2023-11-03,9917.12
2023-11-04,9917.12
2023-11-05,9917.12
2023-11-06,9917.12
2023-11-07,9917.12
2023-11-08,9917.12
2023-11-09,10277.03
2023-11-10,10713.4
2023-11-11,10713.4
2023-11-12,10713.4
2023-11-13,10713.31
2023-11-14,10713.31
2023-11-15,10713.31
2023-11-16,10709.57
2023-11-17,10709.57
2023-11-18,10709.57
2023-11-19,10709.57
2023-11-20,10709.96
2023-11-21,10709.96
2023-11-22,10709.96
2023-11-23,10706.23
2023-11-24,10706.23
2023-11-25,10706.23
2023-11-26,10706.23
2023-11-27,10851.69
2023-11-28,10993.41
2023-11-29,10989.68
2023-11-30,10900.12
2023-12-01,10989.68
2023-12-02,10989.68
2023-12-03,10989.68
2023-12-04,11135.13
2023-12-05,11120.2
2023-12-06,11116.47
2023-12-07,11112.73
2023-12-08,11109.0
2023-12-09,11109.0
2023-12-10,11109.0
2023-12-11,11000.01
2023-12-12,10941.15
2023-12-13,10855.28
2023-12-14,10841.86
2023-12-15,10838.13
2023-12-16,10838.13
2023-12-17,10838.13
2023-12-18,10830.66
2023-12-19,10829.97
2023-12-20,10828.18
2023-12-21,10828.87
2023-12-22,10828.18
2023-12-23,10828.18
2023-12-24,10828.18
2023-12-25,10828.18
2023-12-26,10712.45
2023-12-27,10828.18
2023-12-28,10828.18
2023-12-29,10828.18
2023-12-30,10828.18
2023-12-31,10828.18
2024-01-01,10828.18
2024-01-02,10828.18
2024-01-03,10828.18
2024-01-04,10827.49
2024-01-05,10822.71
2024-01-06,10822.71
2024-01-07,10822.71
2024-01-08,10822.71
2024-01-09,10849.52
2024-01-10,10853.54
2024-01-11,10904.67
2024-01-12,10885.52
2024-01-13,10885.52
2024-01-14,10885.52
2024-01-15,10904.8
2024-01-16,10897.77
2024-01-17,10897.77
2024-01-18,10897.77
2024-01-19,10897.77
2024-01-20,10897.77
2024-01-21,10897.77
2024-01-22,10890.31
2024-01-23,10897.77
2024-01-24,10932.71
2024-01-25,10938.45
2024-01-26,10951.72
2024-01-27,10951.72
2024-01-28,10951.72
2024-01-29,10951.72
2024-01-30,11145.39
2024-01-31,11171.71
2024-02-01,11210.91
2024-02-02,11199.58
2024-02-03,11199.58
2024-02-04,11199.58
2024-02-05,11210.97
2024-02-06,11339.81
2024-02-07,11377.15
2024-02-08,11287.26
2024-02-09,11293.89
2024-02-10,11293.89
2024-02-11,11293.89
2024-02-12,11260.79
2024-02-13,11303.01
2024-02-14,11306.75
2024-02-15,11301.22
2024-02-16,11401.95
2024-02-17,11401.95
2024-02-18,11401.95
2024-02-19,11463.13
2024-02-20,11685.87
2024-02-21,11685.87
2024-02-22,11693.53
2024-02-23,11693.44
2024-02-24,11693.44
2024-02-25,11693.44
2024-02-26,11692.74
2024-02-27,11879.24
2024-02-28,11909.22
2024-02-29,12071.82
2024-03-01,12131.55
2024-03-02,12131.55
2024-03-03,12131.55
2024-03-04,12150.01
2024-03-05,12382.01
2024-03-06,12376.66
2024-03-07,12416.3
2024-03-08,12416.3
2024-03-09,12416.3
2024-03-10,12416.3
2024-03-11,12443.67
2024-03-12,12443.67
2024-03-13,12439.52
2024-03-14,12450.72
2024-03-15,12510.42
2024-03-16,12510.42
2024-03-17,12510.42
2024-03-18,12527.42
2024-03-19,12523.69
2024-03-20,12523.26
2024-03-21,12569.71
2024-03-22,12517.96
2024-03-23,12517.96
2024-03-24,12517.96
2024-03-25,12517.27
2024-03-26,12690.33
2024-03-27,12741.87
2024-03-28,12703.03
2024-03-29,12703.03
2024-03-30,12703.03
2024-03-31,12703.03
2024-04-01,12703.03
2024-04-02,12759.35
2024-04-03,12766.69
2024-04-04,12806.99
2024-04-05,12777.61
2024-04-06,12777.61
2024-04-07,12777.61
2024-04-08,12762.75
2024-04-09,12769.61
2024-04-10,12746.62
2024-04-11,12766.68
2024-04-12,12770.3
2024-04-13,12770.3
2024-04-14,12770.3
2024-04-15,12766.68
2024-04-16,12766.68
2024-04-17,12773.56
2024-04-18,12859.52
2024-04-19,12848.56
2024-04-20,12848.56
2024-04-21,12848.56
2024-04-22,12847.22
2024-04-23,12860.75
2024-04-24,12860.75
2024-04-25,12850.34
2024-04-26,12849.36
2024-04-27,12849.36
2024-04-28,12849.36
2024-04-29,12849.36
2024-04-30,12853.08
2024-05-01,12853.08
2024-05-02,12850.78
2024-05-03,12689.34
2024-05-04,12689.34
2024-05-05,12689.34
2024-05-06,12856.09
2024-05-07,12850.1
2024-05-08,12844.19
2024-05-09,12862.47
2024-05-10,12863.81
2024-05-11,12863.81
2024-05-12,12863.81
2024-05-13,12857.83
2024-05-14,12862.23
2024-05-15,12862.47
2024-05-16,12871.39
2024-05-17,12871.39
2024-05-18,12871.39
2024-05-19,12871.39
2024-05-20,12812.43
2024-05-21,12864.95
2024-05-22,12896.6
2024-05-23,12922.12
2024-05-24,13074.22
2024-05-25,13074.22
2024-05-26,13074.22
2024-05-27,13092.03
2024-05-28,13092.03
2024-05-29,13091.42
2024-05-30,13105.28
2024-05-31,13098.84
2024-06-01,13098.84
2024-06-02,13098.84
2024-06-03,13106.08
2024-06-04,13110.11
2024-06-05,13114.67
2024-06-06,13103.08
2024-06-07,13101.48
2024-06-08,13101.48
2024-06-09,13101.48
2024-06-10,13155.41
2024-06-11,13148.98
2024-06-12,13164.19
2024-06-13,13178.48
2024-06-14,13205.46
2024-06-15,13205.46
2024-06-16,13205.46
2024-06-17,13205.46
2024-06-18,13340.86
2024-06-19,13362.2
2024-06-20,13362.2
2024-06-21,13517.19
2024-06-22,13517.19
2024-06-23,13517.19
2024-06-24,13843.63
2024-06-25,13872.06
2024-06-26,13872.06
2024-06-27,13871.62
2024-06-28,13873.85
2024-06-29,13873.85
2024-06-30,13873.85
2024-07-01,13873.85
2024-07-02,13873.85
2024-07-03,13873.85
2024-07-04,13889.67
2024-07-05,13905.16
2024-07-06,13905.16
2024-07-07,13905.16
2024-07-08,13928.94
2024-07-09,13815.23
2024-07-10,14366.52
2024-07-11,14550.47
2024-07-12,14547.2
2024-07-13,14547.2
2024-07-14,14547.2
2024-07-15,14505.21
2024-07-16,14498.76
2024-07-17,14494.81
2024-07-18,14492.47
2024-07-19,14496.11
2024-07-20,14496.11
2024-07-21,14496.11
2024-07-22,14511.37
2024-07-23,14480.83
2024-07-24,14462.17
2024-07-25,14462.17
2024-07-26,14458.44
2024-07-27,14458.44
2024-07-28,14458.44
2024-07-29,14462.17
2024-07-30,14462.17
2024-07-31,14478.94
2024-08-01,14475.21
2024-08-02,14480.57
2024-08-03,14480.57
2024-08-04,14480.57
2024-08-05,14480.57
2024-08-06,14507.48
2024-08-07,14331.53
2024-08-08,14463.07
2024-08-09,14378.52
2024-08-10,14378.52
2024-08-11,14378.52
2024-08-12,14482.9
2024-08-13,14362.69
2024-08-14,14358.96
2024-08-15,14369.95
2024-08-16,14414.34
2024-08-17,14414.34
2024-08-18,14414.34
2024-08-19,14425.43
2024-08-20,14532.84
2024-08-21,14482.31
2024-08-22,14550.15
2024-08-23,14869.32
2024-08-24,14869.32
2024-08-25,14869.32
2024-08-26,14865.42
2024-08-27,15093.92
2024-08-28,15045.64
2024-08-29,15137.04
2024-08-30,15146.27
2024-08-31,15146.27
2024-09-01,15146.27
2024-09-02,15146.27
2024-09-03,15151.28
2024-09-04,15360.8
2024-09-05,15223.56
2024-09-06,15314.41
2024-09-07,15314.41
2024-09-08,15314.41
2024-09-09,15360.28
2024-09-10,15659.34
2024-09-11,15745.81
2024-09-12,15899.78
2024-09-13,15900.02
2024-09-14,15900.02
2024-09-15,15900.02
2024-09-16,15921.35
2024-09-17,15898.98
2024-09-18,15901.11
2024-09-19,15927.68
2024-09-20,15924.66
2024-09-21,15924.66
2024-09-22,15924.66
2024-09-23,15978.01
2024-09-24,15978.01
2024-09-25,15971.82
2024-09-26,15968.97
2024-09-27,15975.57
2024-09-28,15975.57
2024-09-29,15975.57
2024-09-30,15973.63
2024-10-01,15928.47
2024-10-02,15921.75
2024-10-03,15909.11
2024-10-04,15909.52
2024-10-05,15909.52
2024-10-06,15909.52
2024-10-07,15919.27
2024-10-08,15901.65
2024-10-09,15903.72
2024-10-10,15903.72
2024-10-11,15933.13
2024-10-12,15933.13
2024-10-13,15933.13
2024-10-14,16052.18
2024-10-15,16155.35
2024-10-16,16047.31
2024-10-17,16196.63
2024-10-21,16244.57
2024-10-22,16258.5
2024-10-23,16261.13
2024-10-25,16242.06
2024-10-28,16242.06
2024-10-29,16209.59
2024-10-30,16236.09
2024-10-31,16045.78
2024-11-01,16033.1
2024-11-04,16011.14
2024-11-05,15999.49
2024-11-06,15988.4
2024-11-07,15987.99
2024-11-08,15994.0
2024-11-11,15987.87
2024-11-12,16036.3
2024-11-13,16038.25
2024-11-14,16038.34
2024-11-15,15984.74
2024-11-18,15752.58
2024-11-19,15867.3
2024-11-20,15849.03
2024-11-21,15828.27
2024-11-22,15828.65
2024-11-25,15840.2
2024-11-26,15836.95
2024-11-27,15836.95
2024-11-28,15840.91
2024-11-29,15837.05
2024-12-02,15842.78
2024-12-03,15839.04
2024-12-04,15813.46
2024-12-05,15825.99
2024-12-06,15826.72
2024-12-09,15818.05
2024-12-10,15813.91
2024-12-11,15723.12
2024-12-12,15791.41
2024-12-13,15784.55
2024-12-16,15788.56
2024-12-17,15785.36
2024-12-18,15731.46
2024-12-19,15584.52
2024-12-20,15571.03
2024-12-23,15546.53
2024-12-24,15445.01
2024-12-26,15438.6
2024-12-27,15439.98
2024-12-30,15438.05
2024-12-31,15440.9
2025-01-02,15448.11
2025-01-03,15387.54
2025-01-06,15402.76
2025-01-07,15429.09
2025-01-08,15421.47
2025-01-09,15423.78
2025-01-10,15421.07
2025-01-13,15368.58
2025-01-14,15362.07
2025-01-15,15362.07
2025-01-16,15361.62
2025-01-17,15360.95
2025-01-20,15360.95
2025-01-21,15369.04
2025-01-22,15369.04
2025-01-23,15369.04
2025-01-24,15369.04
2025-01-27,15363.99
2025-01-28,15367.24
2025-01-29,15367.24
2025-01-30,15365.37
2025-01-31,15364.21
2025-02-03,15364.21
2025-02-04,15492.87
2025-02-05,15442.33
2025-02-06,15440.06
2025-02-07,15480.26
2025-02-10,15444.74
2025-02-11,15406.68
2025-02-12,15413.49
2025-02-13,15410.24
2025-02-14,15428.04
2025-02-17,15420.73
2025-02-18,15444.22
2025-02-19,15422.93
2025-02-20,15417.83
2025-02-21,15417.83
2025-02-24,15421.08
2025-02-25,15419.74
2025-02-26,15415.41
2025-02-27,15413.64
2025-02-28,15416.04
2025-03-03,15413.37
2025-03-04,15420.68
2025-03-05,15373.8
2025-03-06,15373.49
2025-03-07,15365.77
2025-03-10,15412.95
2025-03-11,15426.94
2025-03-13,15429.87
2025-03-14,15427.76
2025-03-17,15352.22
2025-03-18,15384.7
2025-03-19,15384.7
2025-03-20,15372.84
2025-03-21,15322.41
2025-03-24,15349.16
2025-03-25,15557.46
2025-03-26,15607.93
2025-03-27,15613.03
2025-03-28,15976.15
2025-03-31,16378.87
2025-04-01,16356.36
2025-04-02,16354.07
2025-04-03,16368.81
2025-04-04,16261.98
2025-04-07,16350.84
2025-04-08,16398.46
2025-04-09,16404.61
2025-04-10,16408.2
2025-04-11,16338.71
2025-04-14,16356.35
2025-04-15,16378.81
2025-04-16,16391.03
2025-04-17,16383.72
2025-04-22,16420.59
2025-04-23,16589.33
2025-04-24,16594.94
2025-04-25,16605.9
2025-04-29,16613.12
2025-04-30,16649.26
2025-05-02,16670.24
2025-05-05,16649.81
2025-05-06,16707.1
2025-05-07,16704.32
2025-05-08,16795.61
2025-05-09,17161.58
2025-05-12,17177.08
2025-05-13,17176.84
2025-05-14,17180.59
2025-05-15,17310.38
2025-05-16,17485.89
2025-05-19,17575.5
2025-05-20,17645.66
2025-05-21,17983.17
2025-05-22,18362.14
2025-05-23,18425.43
2025-05-27,18500.42
2025-05-28,18630.36
2025-05-29,18796.42
2025-05-30,18808.51
2025-06-02,18812.26
2025-06-03,18849.74
2025-06-04,18876.4
2025-06-05,19143.26
2025-06-06,19310.4
2025-06-09,19306.88
2025-06-10,20386.53
2025-06-11,20201.82
2025-06-12,20473.16
2025-06-13,20486.76
2025-06-16,20479.45
2025-06-17,20435.14
2025-06-18,20595.76
2025-06-19,20501.88
2025-06-20,20521.84
2025-06-23,20625.2
2025-06-24,20579.11
2025-06-25,20660.37
2025-06-26,20567.22
2025-06-30,20214.88
2025-07-01,20204.37
2025-07-02,20145.02
2025-07-03,20148.95
2025-07-04,20146.92
2025-07-09,20208.54
2025-07-10,20215.85
2025-07-11,20445.99
2025-07-14,20251.76
2025-07-15,20213.69
2025-07-16,20206.88
2025-07-17,20661.74
2025-07-18,20943.18
2025-07-21,20665.39
2025-07-22,20938.68
2025-07-23,20945.18
2025-07-24,20946.81
2025-07-25,21050.27
2025-07-28,21045.68
2025-07-29,20888.51
2025-07-30,20964.27
2025-07-31,21041.02
2025-08-01,21290.87
2025-08-05,21449.79
2025-08-06,21540.17
2025-08-07,21532.97
2025-08-08,21524.31
2025-08-11,21535.21
2025-08-12,21924.73
2025-08-13,21971.4
2025-08-14,21994.93
2025-08-15,22117.05
2025-08-18,22280.24
2025-08-19,22685.94
2025-08-20,22742.55
2025-08-21,22872.26
2025-08-22,23060.44
2025-08-25,23067.17
2025-08-26,23083.42
2025-08-27,23630.27
2025-08-28,24055.07
2025-08-29,24172.67
2025-09-01,24466.32
2025-09-02,24366.58
2025-09-03,24534.59
2025-09-04,24530.15
2025-09-05,24603.0
2025-09-08,24572.2
2025-09-09,24581.0
2025-09-10,24580.27
2025-09-11,24645.74
2025-09-12,24675.31
2025-09-15,24757.57
2025-09-16,24749.23
2025-09-17,24722.17
2025-09-18,25098.95
2025-09-19,25132.96
2025-09-22,25231.78
2025-09-23,25084.27
2025-09-24,25067.18
2025-09-25,25086.36
2025-09-26,25183.74
2025-09-29,25222.37
2025-09-30,25242.39
2025-10-02,25300.8
2025-10-03,25276.85
2025-10-06,25366.74
2025-10-07,25390.82
2025-10-08,25410.35
2025-10-09,25415.05
2025-10-10,25407.42
2025-10-13,25406.94
2025-10-14,25402.41
2025-10-15,25408.63
2025-10-16,24914.69
2025-10-17,25144.77
2025-10-20,25379.34
2025-10-21,25413.45
2025-10-22,25427.42
2025-10-23,25436.25
2025-10-27,25424.4
2025-10-28,25434.94
2025-10-29,25446.31
2025-10-30,25459.89
2025-10-31,25441.23
2025-11-03,25404.59
2025-11-04,25398.32
2025-11-05,25383.15
2025-11-06,25378.31
2025-11-07,25375.64
2025-11-10,25378.76
2025-11-11,25553.83
2025-11-12,25523.23
2025-11-13,25523.23
2025-11-14,25716.42
2025-11-17,25896.51
2025-11-18,25882.06
2025-11-19,25989.08
2025-11-20,25945.02
2025-11-24,25384.06
2025-11-25,25352.46
2025-11-26,25229.81
2025-11-27,25175.93
2025-11-28,25168.25
2025-12-01,25158.1
2025-12-02,25158.1
2025-12-03,25185.95
2025-12-04,25169.95
2025-12-05,25287.84
2025-12-08,25311.72
2025-12-09,25308.72
2025-12-10,25547.25
2025-12-11,25562.07
2025-12-12,25565.89
2025-12-15,25590.45
2025-12-16,25608.34
2025-12-17,25602.51
2025-12-18,25599.51
2025-12-19,25422.37
2025-12-22,25505.22
2025-12-23,25606.32
2025-12-24,25690.55
2025-12-26,25706.32
2025-12-29,25698.2
2025-12-30,25700.05
2025-12-31,25919.83
2026-01-02,25912.0
2026-01-05,25888.4
2026-01-06,25939.02
2026-01-07,26023.65
2026-01-08,26006.78
2026-01-09,25879.09
2026-01-12,26340.21
2026-01-13,26364.66
2026-01-14,26278.43
2026-01-15,26316.61
2026-01-16,26370.02
2026-01-19,26349.13
2026-01-20,26314.5
2026-01-21,26332.6
2026-01-22,26314.72
2026-01-23,26217.43
2026-01-26,26234.79
2026-01-27,26112.66
2026-01-28,26166.13
2026-01-29,26156.81
2026-01-30,26227.36
2026-02-02,26199.65
2026-02-03,26194.4
2026-02-05,26146.67
2026-02-06,26151.92
2026-02-09,26139.11
2026-02-10,26112.87
2026-02-11,26310.57
2026-02-12,26315.65
2026-02-13,26403.51
2026-02-16,26331.16
2026-02-17,26347.33
2026-02-18,26320.78
2026-02-20,26361.66
2026-02-23,26585.56
2026-02-24,26568.32
2026-02-25,26713.53
2026-02-26,26854.65
2026-02-27,26992.57
2026-03-02,27213.73
2026-03-03,27259.23
2026-03-04,27235.3
2026-03-06,27027.58
2026-03-10,26983.49
2026-03-11,26982.34
2026-03-13,27021.57
2026-03-16,27021.57
2026-03-17,26991.06
2026-03-18,27216.68
2026-03-19,27200.47
2026-03-20,27148.08
2026-03-23,27108.62
2026-03-24,27054.15
2026-03-25,26970.11
2026-03-26,27305.61
2026-03-27,27185.2
2026-03-30,27329.84
2026-03-31,27289.81
2026-04-01,27321.5
2026-04-07,27256.77
2026-04-08,27142.41
2026-04-09,27108.3
2026-04-10,27108.32
2026-04-13,27053.13
2026-04-14,26943.25
2026-04-16,26804.69
2026-04-20,26805.84
2026-04-21,26801.33
2026-04-22,26787.88
2026-04-24,26649.53
2026-04-27,26651.85
2026-04-29,26698.22
2026-04-30,26716.95
2026-05-05,26680.94
2026-05-06,26554.92
2026-05-07,26552.94
2026-05-08,26463.82
2026-05-11,26484.72
2026-05-12,26519.07
2026-05-13,26370.81
2026-05-14,26028.58
2026-05-15,25984.81
2026-05-18,25973.3
2026-05-19,25951.34
2026-05-20,25954.75
2026-05-21,25888.21
2026-05-22,25770.34
2026-05-26,25777.72
2026-05-27,25779.98
2026-05-28,25596.91
2026-05-29,25596.87
2026-06-01,25602.3
2026-06-02,25607.23
2026-06-03,25663.32
2026-06-04,25689.01
2026-06-05,25689.97
2026-06-08,25698.02
2026-06-09,25684.52
2026-06-10,25656.85
2026-06-11,25679.91
2026-06-17,25679.91
2026-06-19,25745.86
2026-06-23,25737.41
2026-06-24,25729.27
2026-06-26,25805.48
2026-06-29,25810.49
2026-06-30,25784.88
2026-07-01,25810.53
